<?xml version="1.0" encoding="UTF-8"?>
<!DOCTYPE hibernate-configuration PUBLIC "-//Hibernate/Hibernate Configuration DTD 3.0//EN" "http://hibernate.sourceforge.net/hibernate-configuration-3.0.dtd">
<hibernate-configuration>

    <session-factory>
        <!-- JDBC Connection Settings -->
        <property name="hibernate.connection.driver_class">com.mysql.cj.jdbc.Driver</property>
        <property name="hibernate.connection.url">jdbc:mysql://localhost:3306/hibernatedb?useSSL=false&amp;serverTimezone=UTC</property>
        <property name="hibernate.connection.username">root</property>
        <property name="hibernate.connection.password">root</property>

        <!-- JDBC Connection Pool Settings -->
        <property name="hibernate.c3p0.min_size">5</property>
        <property name="hibernate.c3p0.max_size">20</property>
        <property name="hibernate.c3p0.timeout">300</property>

        <!-- Hibernate Dialect for MySQL -->
        <property name="hibernate.dialect">org.hibernate.dialect.MySQL8Dialect</property>

        <!-- Show SQL queries -->
        <property name="hibernate.show_sql">true</property>

        <!-- Format SQL -->
        <property name="hibernate.format_sql">true</property>

        <!-- DDL Auto: create, update, validate, none -->
        <property name="hibernate.hbm2ddl.auto">update</property>

        <!-- Enable automatic session context management -->
        <property name="hibernate.current_session_context_class">thread</property>
    </session-factory>

</hibernate-configuration>
