<?xml version="1.0" encoding="UTF-8"?>
<!DOCTYPE hibernate-configuration PUBLIC "-//Hibernate/Hibernate Configuration DTD 3.0//EN" "http://hibernate.sourceforge.net/hibernate-configuration-3.0.dtd">
<hibernate-configuration>

    <!-- JDBC Database connection settings -->
    <session-factory>

        <!-- JDBC driver (MySQL in this case) -->
        <property name="hibernate.connection.driver_class">com.mysql.cj.jdbc.Driver</property>

        <!-- JDBC URL for the MySQL database (adjust the hostname, port, and database name as needed) -->
        <property name="hibernate.connection.url">jdbc:mysql://localhost:3306/your_database_name?useSSL=false&amp;serverTimezone=UTC</property>

        <!-- Database username and password -->
        <property name="hibernate.connection.username">your_db_username</property>
        <property name="hibernate.connection.password">your_db_password</property>

        <!-- JDBC connection pool settings (HikariCP is the default in Hibernate 5 and beyond) -->
        <property name="hibernate.c3p0.min_size">5</property>
        <property name="hibernate.c3p0.max_size">20</property>
        <property name="hibernate.c3p0.timeout">300</property>
        <property name="hibernate.c3p0.max_statements">50</property>
        <property name="hibernate.c3p0.idle_test_period">3000</property>

        <!-- Specify the Hibernate dialect for MySQL (adjust this based on your database version) -->
        <property name="hibernate.dialect">org.hibernate.dialect.MySQL8Dialect</property>

        <!-- Enable Hibernate's automatic session context management -->
        <property name="hibernate.current_session_context_class">thread</property>

        <!-- Echo all executed queries to stdout (good for debugging) -->
        <property name="hibernate.show_sql">true</property>

        <!-- Format SQL output for readability -->
        <property name="hibernate.format_sql">true</property>

        <!-- Drop and re-create the database schema on startup (for development only) -->
        <property name="hibernate.hbm2ddl.auto">update</property>

        <!-- Automatically batch JDBC operations (improves performance) -->
        <property name="hibernate.jdbc.batch_size">50</property>

        <!-- Cache settings -->
        <property name="hibernate.cache.use_second_level_cache">true</property>
        <property name="hibernate.cache.use_query_cache">true</property>
        <property name="hibernate.cache.region.factory_class">org.hibernate.cache.ehcache.EhCacheRegionFactory</property>

        <!-- Enable logging of Hibernate transactions (optional) -->
        <property name="hibernate.transaction.coordinator_class">org.hibernate.resource.transaction.backend.jta.JtaTransactionFactory</property>

        <!-- Naming strategy for Hibernate (optional, but recommended for better naming consistency) -->
        <property name="hibernate.ejb.naming_strategy">org.hibernate.cfg.ImprovedNamingStrategy</property>

        <!-- Enable or disable caching of query results -->
        <property name="hibernate.cache.use_query_cache">true</property>

    </session-factory>

</hibernate-configuration>
